{
  "array": {
    "MAE": 0.0780239924788475,
    "RMSE": 0.13672716915607452
  },
  "classify": {
    "acc": 0.17894736842105263,
    "cross_entropy": 1.7986869812011719,
    "accuracy": 0.17894736842105263,
    "precision_macro": 0.09270025839792966,
    "recall_macro": 0.2186868686868515,
    "f1_macro": 0.126780626780414,
    "precision_per_class": [
      0.0,
      0.0,
      0.16666666666665975,
      0.2499999999999911,
      0.0,
      0.13953488372092698
    ],
    "recall_per_class": [
      0.0,
      0.0,
      0.2666666666666489,
      0.4999999999999643,
      0.0,
      0.5454545454544959
    ],
    "f1_per_class": [
      0.0,
      0.0,
      0.20512820512772126,
      0.33333333333287307,
      0.0,
      0.2222222222218896
    ]
  }
}