{
  "array": {
    "MAE": 0.07818805426359177,
    "RMSE": 0.13680031895637512
  },
  "classify": {
    "acc": 0.16842105263157894,
    "cross_entropy": 1.798551082611084,
    "accuracy": 0.16842105263157894,
    "precision_macro": 0.07706093189963885,
    "recall_macro": 0.20187590187588636,
    "f1_macro": 0.10701484895012224,
    "precision_per_class": [
      0.0,
      0.0,
      0.1249999999999922,
      0.20833333333332898,
      0.0,
      0.12903225806451196
    ],
    "recall_per_class": [
      0.0,
      0.0,
      0.13333333333332445,
      0.7142857142856632,
      0.0,
      0.36363636363633056
    ],
    "f1_per_class": [
      0.0,
      0.0,
      0.12903225806400834,
      0.3225806451609303,
      0.0,
      0.1904761904757948
    ]
  }
}