{
  "array": {
    "MAE": 0.07837967574596405,
    "RMSE": 0.13455921411514282
  },
  "classify": {
    "acc": 0.17894736842105263,
    "cross_entropy": 1.7911535501480103,
    "accuracy": 0.17894736842105263,
    "precision_macro": 0.06691682301438069,
    "recall_macro": 0.19126984126982835,
    "f1_macro": 0.08514700267264534,
    "precision_per_class": [
      0.1707317073170711,
      0.0,
      0.0,
      0.23076923076921302,
      0.0,
      0.0
    ],
    "recall_per_class": [
      0.9333333333332711,
      0.0,
      0.0,
      0.21428571428569898,
      0.0,
      0.0
    ],
    "f1_per_class": [
      0.2886597938141656,
      0.0,
      0.0,
      0.22222222222170646,
      0.0,
      0.0
    ]
  }
}