{
  "array": {
    "MAE": 0.07787447422742844,
    "RMSE": 0.13414764404296875
  },
  "classify": {
    "acc": 0.22105263157894736,
    "cross_entropy": 1.7885169982910156,
    "accuracy": 0.22105263157894736,
    "precision_macro": 0.10913220913220449,
    "recall_macro": 0.17708333333332393,
    "f1_macro": 0.12933597303888958,
    "precision_per_class": [
      0.0,
      0.23076923076921302,
      0.13513513513513148,
      0.0,
      0.2888888888888825,
      0.0
    ],
    "recall_per_class": [
      0.0,
      0.18749999999998831,
      0.3333333333333111,
      0.0,
      0.5416666666666441,
      0.0
    ],
    "f1_per_class": [
      0.0,
      0.20689655172362906,
      0.19230769230727443,
      0.0,
      0.37681159420243393,
      0.0
    ]
  }
}