Epoch,Train_Loss,Val_Loss
1,2.232081949710846,2.3783464431762695
2,2.1885992288589478,2.3411190509796143
3,2.135301649570465,2.309005618095398
4,2.1204803586006165,2.2811495065689087
5,2.07953879237175,2.2554378509521484
