{
  "array": {
    "MAE": 0.264445960521698,
    "RMSE": 0.3585340082645416
  },
  "classify": {
    "acc": 0.21951219512195122,
    "cross_entropy": 1.777354121208191,
    "accuracy": 0.21951219512195122,
    "precision_macro": 0.05959595959595674,
    "recall_macro": 0.14444444444442853,
    "f1_macro": 0.08432539682525157,
    "precision_per_class": [
      0.2666666666666578,
      0.0,
      0.09090909090908264,
      0.0,
      0.0,
      0.0
    ],
    "recall_per_class": [
      0.6666666666666111,
      0.0,
      0.19999999999996,
      0.0,
      0.0,
      0.0
    ],
    "f1_per_class": [
      0.38095238095195466,
      0.0,
      0.1249999999995547,
      0.0,
      0.0,
      0.0
    ]
  }
}