{
  "array": {
    "MAE": 0.07811444252729416,
    "RMSE": 0.13584154844284058
  },
  "classify": {
    "acc": 0.14736842105263157,
    "cross_entropy": 1.7894508838653564,
    "accuracy": 0.14736842105263157,
    "precision_macro": 0.0712765957446785,
    "recall_macro": 0.16111111111109996,
    "f1_macro": 0.09733742959527304,
    "precision_per_class": [
      0.049999999999997505,
      0.0,
      0.12765957446808238,
      0.2499999999999911,
      0.0,
      0.0
    ],
    "recall_per_class": [
      0.06666666666666222,
      0.0,
      0.3999999999999733,
      0.4999999999999643,
      0.0,
      0.0
    ],
    "f1_per_class": [
      0.057142857142364084,
      0.0,
      0.19354838709640115,
      0.33333333333287307,
      0.0,
      0.0
    ]
  }
}