{
  "array": {
    "MAE": 0.07746339589357376,
    "RMSE": 0.132201686501503
  },
  "classify": {
    "acc": 0.11578947368421053,
    "cross_entropy": 1.7986464500427246,
    "accuracy": 0.11578947368421053,
    "precision_macro": 0.05877659574467738,
    "recall_macro": 0.12301587301586475,
    "f1_macro": 0.07165200390986075,
    "precision_per_class": [
      0.0999999999999975,
      0.0,
      0.12765957446808238,
      0.12499999999998437,
      0.0,
      0.0
    ],
    "recall_per_class": [
      0.2666666666666489,
      0.0,
      0.3999999999999733,
      0.07142857142856633,
      0.0,
      0.0
    ],
    "f1_per_class": [
      0.1454545454541435,
      0.0,
      0.19354838709640115,
      0.09090909090861984,
      0.0,
      0.0
    ]
  }
}