{
  "array": {
    "MAE": 0.07942623645067215,
    "RMSE": 0.13624133169651031
  },
  "classify": {
    "acc": 0.2,
    "cross_entropy": 1.7899937629699707,
    "accuracy": 0.2,
    "precision_macro": 0.09376899696048317,
    "recall_macro": 0.2197601010100855,
    "f1_macro": 0.1292766373409332,
    "precision_per_class": [
      0.23404255319148437,
      0.1785714285714222,
      0.0,
      0.0,
      0.0,
      0.1499999999999925
    ],
    "recall_per_class": [
      0.7333333333332844,
      0.3124999999999805,
      0.0,
      0.0,
      0.0,
      0.27272727272724795
    ],
    "f1_per_class": [
      0.3548387096770411,
      0.22727272727225414,
      0.0,
      0.0,
      0.0,
      0.1935483870963039
    ]
  }
}