{
  "array": {
    "MAE": 0.2523188889026642,
    "RMSE": 0.3859045207500458
  },
  "classify": {
    "acc": 0.5,
    "cross_entropy": 2.2713332176208496,
    "accuracy": 0.5,
    "precision_macro": 0.07999999999999376,
    "recall_macro": 0.12661782661781365,
    "f1_macro": 0.09604108309980486,
    "precision_per_class": [
      0.0,
      0.0,
      0.0,
      0.0,
      0.0,
      0.0,
      0.0,
      0.0,
      0.19999999999996,
      0.0,
      0.0,
      0.45454545454541323,
      0.0,
      0.545454545454533,
      0.0
    ],
    "recall_per_class": [
      0.0,
      0.0,
      0.0,
      0.0,
      0.0,
      0.0,
      0.0,
      0.0,
      0.14285714285712245,
      0.0,
      0.0,
      0.8333333333331945,
      0.0,
      0.9230769230768876,
      0.0
    ],
    "f1_per_class": [
      0.0,
      0.0,
      0.0,
      0.0,
      0.0,
      0.0,
      0.0,
      0.0,
      0.16666666666615276,
      0.0,
      0.0,
      0.588235294117121,
      0.0,
      0.6857142857137991,
      0.0
    ]
  }
}