{
  "array": {
    "MAE": 0.07788556814193726,
    "RMSE": 0.13495564460754395
  },
  "classify": {
    "acc": 0.2,
    "cross_entropy": 1.789465308189392,
    "accuracy": 0.2,
    "precision_macro": 0.06678486997635792,
    "recall_macro": 0.2055555555555422,
    "f1_macro": 0.10080645161277639,
    "precision_per_class": [
      0.23404255319148437,
      0.1666666666666632,
      0.0,
      0.0,
      0.0,
      0.0
    ],
    "recall_per_class": [
      0.7333333333332844,
      0.4999999999999688,
      0.0,
      0.0,
      0.0,
      0.0
    ],
    "f1_per_class": [
      0.3548387096770411,
      0.2499999999996172,
      0.0,
      0.0,
      0.0,
      0.0
    ]
  }
}