{
  "array": {
    "MAE": 0.08304411172866821,
    "RMSE": 0.13733597099781036
  },
  "classify": {
    "acc": 0.25263157894736843,
    "cross_entropy": 1.8126428127288818,
    "accuracy": 0.25263157894736843,
    "precision_macro": 0.04210526315789429,
    "recall_macro": 0.16666666666665972,
    "f1_macro": 0.06722689075624773,
    "precision_per_class": [
      0.0,
      0.0,
      0.0,
      0.0,
      0.25263157894736576,
      0.0
    ],
    "recall_per_class": [
      0.0,
      0.0,
      0.0,
      0.0,
      0.9999999999999584,
      0.0
    ],
    "f1_per_class": [
      0.0,
      0.0,
      0.0,
      0.0,
      0.40336134453748634,
      0.0
    ]
  }
}