{
  "array": {
    "MAE": 0.07811062783002853,
    "RMSE": 0.1365099400281906
  },
  "classify": {
    "acc": 0.14736842105263157,
    "cross_entropy": 1.7895221710205078,
    "accuracy": 0.14736842105263157,
    "precision_macro": 0.07127192982455903,
    "recall_macro": 0.16111111111109996,
    "f1_macro": 0.0971055088699938,
    "precision_per_class": [
      0.052631578947365656,
      0.0,
      0.12499999999999739,
      0.2499999999999911,
      0.0,
      0.0
    ],
    "recall_per_class": [
      0.06666666666666222,
      0.0,
      0.3999999999999733,
      0.4999999999999643,
      0.0,
      0.0
    ],
    "f1_per_class": [
      0.05882352941126817,
      0.0,
      0.19047619047582162,
      0.33333333333287307,
      0.0,
      0.0
    ]
  }
}