{
  "array": {
    "MAE": 0.07758721709251404,
    "RMSE": 0.13364672660827637
  },
  "classify": {
    "acc": 0.17894736842105263,
    "cross_entropy": 1.791603922843933,
    "accuracy": 0.17894736842105263,
    "precision_macro": 0.06691682301438069,
    "recall_macro": 0.18680555555554323,
    "f1_macro": 0.08259272425629911,
    "precision_per_class": [
      0.1707317073170711,
      0.23076923076921302,
      0.0,
      0.0,
      0.0,
      0.0
    ],
    "recall_per_class": [
      0.9333333333332711,
      0.18749999999998831,
      0.0,
      0.0,
      0.0,
      0.0
    ],
    "f1_per_class": [
      0.2886597938141656,
      0.20689655172362906,
      0.0,
      0.0,
      0.0,
      0.0
    ]
  }
}