{
  "array": {
    "MAE": 0.07850246876478195,
    "RMSE": 0.1340692788362503
  },
  "classify": {
    "acc": 0.2631578947368421,
    "cross_entropy": 1.7917689085006714,
    "accuracy": 0.2631578947368421,
    "precision_macro": 0.1413043478260817,
    "recall_macro": 0.2565476190476026,
    "f1_macro": 0.17254999056758868,
    "precision_per_class": [
      0.34782608695650663,
      0.0,
      0.0,
      0.20833333333332898,
      0.29166666666665453,
      0.0
    ],
    "recall_per_class": [
      0.5333333333332978,
      0.0,
      0.0,
      0.7142857142856632,
      0.29166666666665453,
      0.0
    ],
    "f1_per_class": [
      0.42105263157844736,
      0.0,
      0.0,
      0.3225806451609303,
      0.29166666666615454,
      0.0
    ]
  }
}