{
  "array": {
    "MAE": 0.07728270441293716,
    "RMSE": 0.13617195188999176
  },
  "classify": {
    "acc": 0.16842105263157894,
    "cross_entropy": 1.797682285308838,
    "accuracy": 0.16842105263157894,
    "precision_macro": 0.09210138520482891,
    "recall_macro": 0.2165223665223486,
    "f1_macro": 0.1147033320944239,
    "precision_per_class": [
      0.0,
      0.0,
      0.16666666666665975,
      0.23076923076921302,
      0.0,
      0.15517241379310076
    ],
    "recall_per_class": [
      0.0,
      0.0,
      0.2666666666666489,
      0.21428571428569898,
      0.0,
      0.8181818181817438
    ],
    "f1_per_class": [
      0.0,
      0.0,
      0.20512820512772126,
      0.22222222222170646,
      0.0,
      0.2608695652171157
    ]
  }
}