{
  "array": {
    "MAE": 0.07876071333885193,
    "RMSE": 0.13843266665935516
  },
  "classify": {
    "acc": 0.14736842105263157,
    "cross_entropy": 1.7982685565948486,
    "accuracy": 0.14736842105263157,
    "precision_macro": 0.060819262038771006,
    "recall_macro": 0.20238095238093468,
    "f1_macro": 0.0764635603344065,
    "precision_per_class": [
      0.0,
      0.0,
      0.0,
      0.23076923076921302,
      0.0,
      0.134146341463413
    ],
    "recall_per_class": [
      0.0,
      0.0,
      0.0,
      0.21428571428569898,
      0.0,
      0.9999999999999091
    ],
    "f1_per_class": [
      0.0,
      0.0,
      0.0,
      0.22222222222170646,
      0.0,
      0.23655913978473256
    ]
  }
}